JOBSTREAM,SUCCESSOR_JOBSTREAM
ADSCRF_PREXT_MLY,ADS_CRF_MLY
ADSSNT_PREXT_MLY,ADS_SNT_MLY
ADS_START_MLY,ADSCRF_PREXT_MLY
ADS_START_MLY,ADSSNT_PREXT_MLY
BIR_SET_RUNDATE,RAY_PRE_EXT_MLY
BIR_START_DAILY,ADS_CRF_MLY
BIR_START_DAILY,ADSCRF_PREXT_MLY
BIR_START_DAILY,ADS_SNT_MLY
BIR_START_DAILY,ADSSNT_PREXT_MLY
BIR_START_DAILY,RAY_ACCOUNT_MLY
BIR_START_DAILY,RAY_ASIA_HDS_MLY
BIR_START_DAILY,RAY_COLL_MLY
BIR_START_DAILY,RAY_CON_DRV_MLY
BIR_START_DAILY,RAY_CON_PER_MLY
BIR_START_DAILY,RAY_ENTITY_MLY
BIR_START_DAILY,RAY_FAC_MLY
BIR_START_DAILY,RAY_LD_WD5_MLY
BIR_START_DAILY,RAY_LD_WD6_MLY
BIR_START_DAILY,RAY_LD_WD8_MLY
BIR_START_DAILY,RAY_MISC_EXT_MLY
BIR_START_DAILY,RAY_NL_HDS_MLY
BIR_START_DAILY,RAY_PROV_MLY
BIR_START_DAILY,RAY_PRV_STG3_MLY
BIR_START_DAILY,RAY_REC_GL_MLY
CON_ARR_STB_DLY,ADS_CRF_MLY
CON_ARR_STB_DLY,ADSCRF_PREXT_MLY
CON_ARR_STB_DLY,ADS_SNT_MLY
CON_ARR_STB_DLY,ADSSNT_PREXT_MLY
CONPARTYDSTBDLY,ADS_CRF_MLY
CONPARTYDSTBDLY,ADSCRF_PREXT_MLY
CONPARTYDSTBDLY,ADS_SNT_MLY
CONPARTYDSTBDLY,ADSSNT_PREXT_MLY
CON_SAP_BRD_WD5,RAY_CON_DRV_MLY
IFR_EOD_MLY,RAY_PRV_STG3_MLY
IFR_HDSEOD_DLY,RAY_PROV_MLY
NEX_HDS02_DLY,RAY_ENTITY_MLY
RAY_ACCOUNT_MLY,RAY_LD_WD5_MLY
RAY_ACCOUNT_MLY,RAY_SUB_TYPE_MLY
RAY_ASIA_HDS_MLY,RAY_LD_WD6_MLY
RAY_ASIA_MLY,RAY_LD_WD6_MLY
RAY_COLL_MLY,RAY_FAC_MLY
RAY_COLL_MLY,RAY_LD_WD5_MLY
RAY_COLL_MLY,RAY_SUB_TYPE_MLY
RAY_CON_DRV_MLY,RAY_ACCOUNT_MLY
RAY_CON_DRV_MLY,RAY_COLL_MLY
RAY_CON_DRV_MLY,RAY_CON_PER_MLY
RAY_CON_DRV_MLY,RAY_FAC_MLY
RAY_CON_DRV_MLY,RAY_LD_WD5_MLY
RAY_CON_PER_MLY,RAY_LD_WD5_MLY
RAY_ENTITY_MLY,RAY_LD_WD5_MLY
RAY_FAC_MLY,RAY_LD_WD5_MLY
RAY_FAC_MLY,RAY_SUB_TYPE_MLY
RAY_LD_WD5_MLY,RAY_MTHLOAD_WD5
RAY_LD_WD6_MLY,RAY_MTHLOAD_WD68
RAY_LD_WD8_MLY,RAY_MTHLOAD_WD68
RAY_MISC_EXT_MLY,RAY_LD_WD5_MLY
RAY_NL_HDS_MLY,RAY_LD_WD8_MLY
RAY_PRE_EXT_MLY,RAY_CON_DRV_MLY
RAY_PROV_MLY,RAY_LD_WD8_MLY
RAY_PRV_STG3_MLY,RAY_LD_WD6_MLY
RAY_REC_GL_MLY,RAY_LD_WD5_MLY
RAY_SUB_TYPE_MLY,RAY_LD_WD5_MLY
RY6_HDS_DLY1,ADSSNT_PREXT_MLY
RY6_TO_RDW_TCDR,ADSCRF_PREXT_MLY
SDS_GAT_STA_DLY,ADS_CRF_MLY
SDS_GAT_STA_DLY,ADSCRF_PREXT_MLY
SDS_GAT_STA_DLY,ADS_SNT_MLY
SDS_GAT_STA_DLY,ADSSNT_PREXT_MLY
SDS_IMC_UPD_DLY,RAY_ASIA_HDS_MLY
SDS_IMC_UPD_DLY,RAY_NL_HDS_MLY
SDS_IMC_UPD_DLY,RAY_PROV_MLY
